ID_Cliente,Età,Durata_Abbonamento,Tariffa_Mensile,Dati_Consumati,Servizio_Clienti_Contatti,Churn,Costo_per_GB,Churn_Num
1,0.3342130576684901,-0.5146482496056192,1.3043603029253277,-0.5771122492220212,0.5227155000677972,No,0.08363954267165882,0
2,1.047639945959191,-0.4558447475940082,-0.8080748243830166,0.7307771547741809,1.5851453782543767,No,-0.49885487048734545,0
3,-0.21457685640127985,-1.6907182898378388,-0.09535690373240578,-1.51049587674354,0.5227155000677972,Sì,1.1721961232586064,1
4,-0.9828827360989578,-0.22063073954756432,-1.222690388938648,-0.6612320082455654,0.5227155000677972,No,-0.4355926733578246,0
5,0.5537290232963981,0.6614217906266003,1.670266332171322,0.10045512483063695,0.876858792796657,No,-0.12128277674455847,0
6,-1.3670356759477966,-1.6907182898378388,0.4505795680180077,0.955480620658991,-1.602144256305362,No,-0.3920988333433262,0
7,1.5415508686219839,-0.2794342415591753,-0.873540439839169,-0.6497087535848058,1.5851453782543767,Sì,-0.3592711239687267,1
8,-0.6536087876570958,-0.808665759663674,0.680098898397018,0.39429811868000403,1.5851453782543767,No,-0.3050772700317569,0
9,0.3342130576684901,0.5438147866033783,0.4922749302430568,1.279284076626333,0.876858792796657,No,-0.4133328617000463,0
10,1.376913894401053,0.13219027252210155,-0.4195675707533507,0.36088068016380165,-0.5397143781187824,No,-0.43076878600350005,0
11,-0.7633667704710498,-1.279093775756562,-1.2772450684854417,-0.9412470965020211,-0.5397143781187824,Sì,-0.389127742763351,1
12,-0.5438508048431419,0.7202252926382113,0.6797092221145407,-1.6499272581387296,-0.5397143781187824,No,4.3655146438869075,0
13,-1.2023987017268658,1.367063814765932,0.14935980166321133,1.2251247797207634,0.1685722073389373,No,-0.4385799394313523,0
14,-1.2023987017268658,1.0142428026962662,1.0331456103212682,-1.6602981873334133,0.5227155000677972,No,5.457048265648076,0
15,-0.4889718134361648,0.4850112845917674,0.1485804490982573,1.2401050107797507,0.1685722073389373,No,-0.43957371827384734,0
16,1.102518937366168,-0.10302373552434237,1.313322857422301,0.06473303538228267,-1.602144256305362,No,-0.16074764102924258,0
17,0.1695760834475591,0.6614217906266003,0.2600278658867071,1.4590468493341808,0.876858792796657,No,-0.4433880905319022,0
18,0.3890920490754671,1.425867316777543,0.2915916447673518,0.9819841063787378,1.5851453782543767,No,-0.4089990091035174,0
19,-0.4889718134361648,-0.2794342415591753,1.3990516395672625,1.6595514804313962,0.5227155000677972,No,-0.3696128805888734,0
20,-1.6414306329826818,0.2497972765453235,-0.2605796475026948,-0.5402378343075908,0.1685722073389373,No,-0.2573109019100446,0
21,-0.5987297962501188,1.1318498067194882,-1.2055446325096557,0.8748178380336746,0.1685722073389373,Sì,-0.5438702256871353,1
22,1.102518937366168,-0.3382377435707863,-1.574568072015467,-0.3662366889301225,-0.1855710853899226,Sì,-0.5382618584958285,1
23,-1.6963096243896587,-0.39704124558239723,0.9727457865373177,-0.10120183173265414,0.1685722073389373,No,-0.16655941837408525,0
24,-0.4889718134361648,-1.043879767710118,0.5000684558925989,0.40005974601038385,1.2310020855255168,No,-0.32693392330969157,0
25,0.608608014703375,1.602277822812376,0.7938843728803304,1.2366480343815227,1.5851453782543767,No,-0.38485980468204506,0
26,-0.15969786499430286,-1.396700779779784,-0.9284847956684396,1.6123061363222824,1.2310020855255168,No,-0.5409246901513122,0
27,0.2793340662615131,1.543474320800765,-1.1973614305776368,0.8782748144319026,1.5851453782543767,No,-0.5431930974861086,0
28,-1.6963096243896587,0.30860077855693446,-1.6244466361725352,-0.3132297174906288,0.876858792796657,No,-0.5500540316045113,0
29,1.486671877215007,0.8378322966614332,-0.4460655579617933,-0.3005541373637934,1.5851453782543767,Sì,-0.34850130235079624,1
30,-0.6536087876570958,-0.6322552536288412,0.3932971544938744,0.7745655224850674,1.2310020855255168,No,-0.38128807234335405,0
31,0.004939109226628117,-1.7495217918494497,-0.29993695203288184,-0.9216575635787299,1.5851453782543767,No,-0.10689650520663041,0
32,-1.1475197103198889,-1.3378972777681728,-0.14133870506470325,-1.3572365897554386,0.876858792796657,Sì,0.5088832154827427,1
33,1.376913894401053,0.8966357986730442,1.4953016813391056,-0.5275622541807552,0.876858792796657,Sì,0.09443830723352017,1
34,-0.5987297962501188,-0.867469261675285,-0.4542487598938121,-0.7568750219298691,-1.602144256305362,No,-0.22787282686325303,0
35,1.5415508686219839,-0.985076265698507,0.12714825356201678,-0.7257622343458185,1.5851453782543767,No,-0.09991188169822492,0
36,0.608608014703375,-1.102683269721729,1.072892591133932,-0.9389424455698693,-0.1855710853899226,No,0.31581029535680055,0
37,-0.43409282202918786,1.190653308731099,-0.284739577016275,-1.5900063339027803,-0.5397143781187824,No,1.6439199241028697,0
38,0.88300297173826,-0.4558447475940082,0.5063032764122323,-1.6718214419941728,-1.2480009635765021,No,4.912811123408603,0
39,-0.32433483921523387,-0.926272763686896,1.3487833991277167,1.6249817164491176,0.876858792796657,No,-0.37077736520261856,0
40,1.43179288580803,-0.16182723753595335,1.654679280872238,-0.27865995350835043,-0.8938576708476423,No,0.0027275630712173785,0
41,0.49885003188942106,0.19099377453371252,-1.1595628311773583,-0.4261576131660718,-0.5397143781187824,No,-0.456626389214502,0
42,-0.2694558478082569,-1.6907182898378388,1.574016290399479,0.5775178677860799,0.5227155000677972,Sì,-0.23342079696716303,1
43,1.486671877215007,0.07338677051049057,0.05038202591402867,-0.9907970915432869,1.5851453782543767,No,0.050006871832950564,0
44,-0.9280037446919808,-0.4558447475940082,-0.769886548700261,1.4959212642486113,1.2310020855255168,No,-0.5255621993942129,0
45,-0.9828827360989578,-0.5146482496056192,-0.06535182998166918,0.9405003896000037,-1.2480009635765021,No,-0.4391133509166469,0
46,1.596429860028961,1.190653308731099,1.761450582270963,-1.4286807686521474,-0.8938576708476423,No,2.0775258612945247,0
47,1.596429860028961,-0.3382377435707863,0.05233040732641432,-0.3132297174906288,-0.5397143781187824,No,-0.2598625332104816,0
48,0.773244988924306,1.602277822812376,-0.5224421093273042,1.255085241838738,1.5851453782543767,Sì,-0.49682198574264913,1
49,1.596429860028961,-0.5146482496056192,0.5460502572248966,1.4786363822574722,-1.602144256305362,No,-0.42211574777001565,0
50,0.992760954552214,1.602277822812376,-0.8334037827440279,-0.14383787397746436,0.5227155000677972,No,-0.43508137042275397,0
51,0.608608014703375,1.602277822812376,-1.4093453282451778,0.35281440190126995,-1.2480009635765021,Sì,-0.548098073074408,1
52,1.212276920180122,-0.5146482496056192,-1.2234697415036022,-1.1647982369207552,-0.1855710853899226,Sì,-0.28240962978041456,1
53,1.047639945959191,1.073046304707877,-1.226587151763419,1.636504971109877,-1.602144256305362,No,-0.5637670762112457,0
54,1.3220349029940759,1.2494568107427102,-1.142806751030843,-0.9458563983663248,-0.8938576708476423,No,-0.3471406372707953,0
55,-1.6414306329826818,0.6614217906266003,-1.1887885523631407,1.4717224294610163,-1.2480009635765021,No,-0.5576446621153703,0
56,0.22445507485453609,-1.4555042817913948,0.5721585681508622,0.4749609013053204,-1.602144256305362,No,-0.3286969045673966,0
57,0.992760954552214,-0.926272763686896,-1.0375941547620269,0.3332248689779786,0.5227155000677972,No,-0.5026232418691969,0
58,-1.4219146673547738,1.367063814765932,-0.4632113143907855,0.009421413010636863,-0.1855710853899226,No,-0.398782660457205,0
59,-0.6536087876570958,0.7202252926382113,1.4695830466956166,-0.9493133747645528,-1.602144256305362,No,0.44799209493290715,0
60,-1.3121566845408197,0.36740428056854546,-0.013135208129738282,-1.1325331238706287,0.1685722073389373,No,0.17101676781808528,0
61,0.3342130576684901,0.13219027252210155,0.6656808759453652,-0.9838831387468312,-0.1855710853899226,No,0.2392325463035921,0
62,-0.8182457618780268,-1.3378972777681728,-1.071106315055057,-1.0991156853544262,-0.8938576708476423,Sì,-0.2587405673196422,1
63,-1.5865516415757046,1.308260312754321,-1.0009645842091797,0.9174538802784848,0.5227155000677972,No,-0.5258535807499667,0
64,-0.43409282202918786,0.7790287946498223,-1.5320933572254634,-0.5425424852397427,1.5851453782543767,No,-0.5171187855265216,0
65,1.486671877215007,0.7790287946498223,-1.0831862798118472,-1.5358470369972108,1.2310020855255168,No,0.3595193242007115,0
66,-1.0377617275059348,-1.514307783803006,-0.6985757890069522,1.5616038158149403,1.2310020855255168,Sì,-0.5220977689511827,1
67,0.937881963145237,0.4850112845917674,-1.0547399111910192,1.2712177983638013,1.2310020855255168,Sì,-0.5419532135097107,1
68,1.376913894401053,-1.5731112858146168,-1.3645325557603116,1.4210201089536747,-1.2480009635765021,No,-0.5705510672689296,0
69,-1.3121566845408197,-1.4555042817913948,-1.2523057864069074,1.6491805512367126,-0.8938576708476423,No,-0.5659092360734792,0
70,-0.37921383062221087,0.8378322966614332,-0.05950668574451277,-1.1417517275992362,0.5227155000677972,No,0.164072444726053,0
71,1.102518937366168,0.07338677051049057,-0.9518653726170654,-0.38582622185341364,-0.1855710853899226,No,-0.42369599163516547,0
72,-1.6963096243896587,1.2494568107427102,-0.3981353752171102,0.8448573759157002,-1.2480009635765021,No,-0.46460336943292857,0
73,-0.7084877790640728,-0.04422023351273139,0.09012900672669272,0.6328294901577255,-0.8938576708476423,Sì,-0.3989408682202014,1
74,-0.2694558478082569,0.9554393006846552,0.7459541901356473,-1.209738930097717,1.5851453782543767,No,0.6111770793539144,0
75,0.773244988924306,0.2497972765453235,-1.5375488251801426,1.0407527051486114,0.1685722073389373,Sì,-0.5786831997803721,1
76,1.486671877215007,1.425867316777543,1.12822662324568,-0.9700552331539198,0.5227155000677972,No,0.36878032354813073,0
77,-1.4219146673547738,0.5438147866033783,0.5265664431010417,-0.9723598840860718,1.2310020855255168,No,0.18356939248355467,0
78,0.608608014703375,1.2494568107427102,-1.3886924852738916,0.09238884656810527,-1.602144256305362,No,-0.5344737270859949,0
79,1.5415508686219839,-0.867469261675285,1.3881407036579037,0.28252254847063674,0.5227155000677972,Sì,-0.20043351354427325,1
80,-1.3670356759477966,-1.043879767710118,1.5541427999931468,0.23873418075975075,0.876858792796657,Sì,-0.17032858918923705,1
81,0.773244988924306,1.1318498067194882,-1.4611722738146316,-1.4217668158556918,-0.8938576708476423,No,-0.20755067685200637,0
82,0.11469709204058211,0.6614217906266003,-0.7044209332441086,1.2504759399744343,-0.5397143781187824,No,-0.5119252472058885,0
83,-1.0377617275059348,-0.04422023351273139,1.1519968764767827,-0.829471526292654,1.5851453782543767,Sì,0.22953654017992223,1
84,-0.8731247532850038,-0.6910587556404522,0.948585857023738,-1.2927063636551854,0.1685722073389373,No,0.9214968134645448,0
85,0.1695760834475591,-0.808665759663674,-1.0282419239825764,1.2885026803549404,1.5851453782543767,Sì,-0.5402266148835421,1
86,0.937881963145237,1.484670818789154,-0.9413441129901838,1.5155107971719026,0.5227155000677972,No,-0.5394186660152327,0
87,0.3890920490754671,-0.6910587556404522,-0.37631350339839265,1.1974689685349404,-0.5397143781187824,No,-0.4818213062326639,0
88,-1.5865516415757046,-0.16182723753595335,0.02388403870558607,1.0188585212931682,0.876858792796657,No,-0.43621420553673834,0
89,-1.6963096243896587,1.602277822812376,0.4926646065255341,0.49455043422861134,-0.1855710853899226,No,-0.34014269592401236,0
90,1.596429860028961,1.425867316777543,-0.38176897135307203,0.1396341906772192,-1.602144256305362,Sì,-0.4033456768335405,1
91,-1.4767936587617507,-0.2794342415591753,-0.05327186522487907,-1.436747046914679,-0.5397143781187824,No,0.827674437406396,0
92,1.157397928773145,0.36740428056854546,0.945858123046398,-0.34434250507467934,-0.8938576708476423,Sì,-0.09401311842816572,1
93,0.49885003188942106,-0.2794342415591753,-1.5469010559595928,-0.46648900447873,1.2310020855255168,Sì,-0.5262512299381747,1
94,-1.5865516415757046,1.308260312754321,-0.7901497153890701,-0.850213384682021,0.876858792796657,No,-0.27965135256344853,0
95,1.157397928773145,-0.4558447475940082,0.8262275043259294,0.7261678529098773,-1.602144256305362,Sì,-0.3325950013987538,1
96,-0.21457685640127985,-1.279093775756562,1.4641275787409374,-0.04704253482708446,0.1685722073389373,No,-0.10878449518805754,0
97,-0.8182457618780268,-1.102683269721729,0.11896505162999771,-1.457488905304046,1.2310020855255168,No,1.050463857501222,0
98,-0.37921383062221087,1.308260312754321,0.19066548760578375,-0.9838831387468312,0.5227155000677972,No,0.08867343948534004,0
99,0.608608014703375,-1.7495217918494497,-1.2994566165866361,0.5901934479129153,-0.5397143781187824,No,-0.5440973029986178,0
100,0.05981810063360511,1.602277822812376,-0.10626783964176427,-1.4736214618291095,-1.602144256305362,Sì,0.9541104054209368,1
101,-1.2572776931338427,1.602277822812376,0.19261386901816913,1.16059455362051,-1.2480009635765021,No,-0.4307272877176851,0
102,1.596429860028961,-1.7495217918494497,-0.8252205808120088,-0.049347185759236516,-0.1855710853899226,No,-0.4442584821744144,0
103,0.1695760834475591,0.9554393006846552,-0.7313085967350285,-0.09889718080050229,-0.1855710853899226,No,-0.42473179216096546,0
104,-1.0377617275059348,0.19099377453371252,-0.3521535738848127,0.281370223004561,0.876858792796657,No,-0.41494526912795066,0
105,-0.10481887358732588,0.07338677051049057,-1.6049628220486802,1.070713167266586,0.1685722073389373,Sì,-0.585205900301238,1
106,0.828123980331283,1.367063814765932,-0.54582268627593,-0.5506087635022743,0.876858792796657,No,-0.3130409632062373,0
107,-0.9828827360989578,1.0142428026962662,-0.9339402636231189,0.5717562404557001,-1.2480009635765021,No,-0.5038960441957643,0
108,-1.3670356759477966,-0.3382377435707863,-0.5271182247170295,0.1903365111845611,-0.8938576708476423,No,-0.42781325648292756,0
109,-1.0377617275059348,0.5438147866033783,-1.2554231966667242,-0.8248622244283501,0.1685722073389373,No,-0.4119387373987136,0
110,-0.5438508048431419,0.8378322966614332,1.4477611748768997,1.2539329163726622,1.5851453782543767,No,-0.3313195981124091,0
111,1.486671877215007,1.308260312754321,0.4061564718156186,0.9773748045144341,-0.8938576708476423,No,-0.39805490250334336,0
112,1.3220349029940759,-1.7495217918494497,0.7062072093229835,0.5049213634232953,0.1685722073389373,Sì,-0.31765128023141437,1
113,1.596429860028961,-0.867469261675285,1.092376405257787,1.1582899026883582,0.1685722073389373,No,-0.35256356479725803,0
114,0.3890920490754671,0.4850112845917674,0.07259357401522322,1.2159061759921557,-1.2480009635765021,No,-0.4445324469930379,0
115,-0.6536087876570958,-1.514307783803006,-1.370767376279945,0.6754655324025354,0.5227155000677972,No,-0.5543340979509511,0
116,-0.9280037446919808,-0.5146482496056192,0.20820092031725324,1.1121968840453205,-1.2480009635765021,No,-0.4260931009177919,0
117,0.663487006110352,-0.10302373552434237,0.38277589486699265,0.6385911174881049,0.1685722073389373,No,-0.36867879447910096,0
118,-0.8182457618780268,1.425867316777543,0.9388439499618105,0.5786701932521556,-1.602144256305362,Sì,-0.3021553335821249,1
119,0.773244988924306,-1.6319147878262277,-0.16160187175351215,0.37009928389240904,-0.8938576708476423,Sì,-0.40107800237644914,1
120,1.102518937366168,-1.102683269721729,-1.2281458568933274,0.826420168458485,-1.2480009635765021,Sì,-0.5445533152082705,1
121,-0.4889718134361648,-0.2794342415591753,-0.6802610037305287,-1.1936063735726539,0.5227155000677972,No,-0.033144476953000435,0
122,-0.37921383062221087,-0.867469261675285,-0.4020321380418812,1.2619991946351934,-0.5397143781187824,No,-0.48703027139947747,0
123,-0.43409282202918786,1.190653308731099,0.5896940008623311,1.230886407051143,0.876858792796657,No,-0.401677597510094,0
124,1.486671877215007,0.36740428056854546,0.3262728339078135,-1.6337947016136665,0.1685722073389373,No,3.275054995884582,0
125,1.486671877215007,-0.5146482496056192,-0.42658174383793845,1.074170143664814,1.5851453782543767,Sì,-0.4800879092641909,1
126,1.486671877215007,1.543474320800765,1.7844414829371118,-1.2950110145873375,-0.5397143781187824,No,1.3599768783520978,0
127,0.663487006110352,-0.10302373552434237,0.44902086288809906,-0.5932448057470844,-0.1855710853899226,No,-0.08944428385908484,0
128,0.44397104048244407,-0.985076265698507,-0.8435353660884324,0.7941550554083583,1.2310020855255168,Sì,-0.5054882307428049,1
129,-0.21457685640127985,-0.16182723753595335,-1.3185507544280137,-1.1866924207761982,0.5227155000677972,No,-0.3101980242436764,0
130,-0.9828827360989578,-1.514307783803006,-1.1392996644885491,1.047666657945067,1.5851453782543767,No,-0.5429246004142183,0
131,0.663487006110352,0.9554393006846552,-0.8127509397727417,1.096064327520257,1.2310020855255168,Sì,-0.515400358203713,1
132,-1.7511886157966357,1.073046304707877,-1.1120223247151524,-0.007863468980502209,0.5227155000677972,No,-0.4896282483576582,0
133,-0.43409282202918786,-0.04422023351273139,-1.0212277508979888,-1.711000507840755,-1.602144256305362,No,2.7304683632132556,0
134,-1.4219146673547738,0.8966357986730442,-0.6755848883408037,-0.7568750219298691,0.876858792796657,Sì,-0.28261943996602756,1
135,-1.3121566845408197,1.2494568107427102,-1.0675992285127633,0.3643376565620292,-0.5397143781187824,No,-0.5079693563125669,0
136,-0.4889718134361648,-1.514307783803006,1.4695830466956166,1.6019352071275987,-0.8938576708476423,No,-0.359937434667554,0
137,-1.7511886157966357,-1.102683269721729,-1.3941479532285708,0.4150399770693711,0.5227155000677972,No,-0.5485435171380239,0
138,0.608608014703375,-0.867469261675285,0.16416750039734113,-0.850213384682021,-0.8938576708476423,No,-0.020173682001623613,0
139,-1.3670356759477966,-0.2794342415591753,-0.23603004170663786,0.42195392986582664,0.876858792796657,No,-0.41495799167777214,0
140,-0.4889718134361648,-0.2794342415591753,1.7696337842029817,0.1027597757627888,0.1685722073389373,No,-0.10847906053709432,0
141,-1.2023987017268658,1.0142428026962662,-1.2827005364401212,0.918606205744561,-0.1855710853899226,No,-0.5524844009976547,0
142,0.992760954552214,-0.5734517516172302,-0.28006346162654966,-1.3687598444161981,-0.5397143781187824,Sì,0.45580489374632105,1
143,-0.8731247532850038,0.4850112845917674,1.7244313354356384,0.8540759796443076,0.876858792796657,No,-0.25996773271047585,0
144,-1.3670356759477966,0.30860077855693446,1.3600840113195527,0.1073690776270925,0.876858792796657,No,-0.1649076907975784,0
145,0.11469709204058211,0.13219027252210155,1.1901851521595384,1.5408619574255733,-1.602144256305362,No,-0.37649611483556744,0
146,0.11469709204058211,-0.04422023351273139,-0.7710555775476923,-0.5701982964255654,1.2310020855255168,Sì,-0.35519998673001424,1
147,0.004939109226628117,0.36740428056854546,-1.0761721067272596,0.41734462800152294,-0.1855710853899226,No,-0.5118036745037025,0
148,1.43179288580803,-0.4558447475940082,0.6695776387701365,1.4348480145465858,-0.5397143781187824,Sì,-0.4095516149372066,1
149,-1.5316726501687277,1.602277822812376,1.5837581974614063,-1.3848924009412615,0.1685722073389373,No,1.673631130573731,0
150,0.49885003188942106,-1.220290273744951,0.2771736223156993,1.453285222003801,0.1685722073389373,Sì,-0.44171177872771206,1
151,0.3342130576684901,1.367063814765932,0.32939024416763046,0.6051736789719026,-1.2480009635765021,No,-0.37078212149313455,0
152,1.376913894401053,-1.514307783803006,-0.6935099973347498,-1.5024295984810083,0.876858792796657,No,0.590990000133274,0
153,0.44397104048244407,0.30860077855693446,1.0230140269768635,-0.7096296778207551,0.5227155000677972,No,0.10413435348243431,0
154,-0.2694558478082569,0.19099377453371252,-1.0196690457680804,0.6743132069364597,-1.602144256305362,Sì,-0.5178825007138488,1
155,-1.4219146673547738,1.2494568107427102,-0.5403672183212507,-1.5035819239470842,-0.1855710853899226,No,0.7323354338533942,0
156,-1.3121566845408197,0.014583268498879587,-0.18342374357222968,0.2456481335562067,0.1685722073389373,No,-0.3900506188016368,0
157,-1.3670356759477966,-1.220290273744951,0.10454702917834521,-0.5575227162987301,-0.5397143781187824,No,-0.17642708069897084,0
158,-1.1475197103198889,1.602277822812376,-0.8252205808120088,0.3781655621549407,-1.2480009635765021,Sì,-0.4801499620541294,1
159,0.05981810063360511,-0.6910587556404522,-1.2725689530957167,-1.577330753775945,-0.5397143781187824,No,0.3242343664933792,0
160,0.004939109226628117,1.602277822812376,0.46616661931709125,1.2297340815850673,-1.602144256305362,No,-0.4120485607084226,0
161,0.828123980331283,0.07338677051049057,-0.6631152473015365,1.5765840468739276,0.5227155000677972,No,-0.5198689473605129,0
162,1.212276920180122,-1.7495217918494497,0.3629024044606608,1.5604514903488642,-1.2480009635765021,Sì,-0.4410751588542506,1
163,-0.5438508048431419,1.484670818789154,-1.134233872816347,0.8148969137977253,-1.2480009635765021,Sì,-0.5349761631374964,1
164,1.596429860028961,-1.514307783803006,0.011804073948795965,-1.2904017127230336,1.2310020855255168,No,0.43546259020558875,0
165,-0.4889718134361648,0.8378322966614332,0.1922241927356921,0.8448573759157002,-0.1855710853899226,No,-0.40733064638018646,0
166,0.22445507485453609,-1.5731112858146168,-1.4939050815427075,-1.6487749326726537,-1.2480009635765021,No,0.40412989842659114,0
167,0.11469709204058211,-0.867469261675285,-0.4951647695539075,-1.6579935364012612,1.2310020855255168,No,2.4026826557486163,0
168,0.608608014703375,-0.39704124558239723,-1.2039859273797473,-0.6324238715936666,1.2310020855255168,Sì,-0.4362080304985221,1
169,0.3890920490754671,-0.867469261675285,-1.4533787481650897,-0.07239369508075541,-1.602144256305362,No,-0.5352897906137093,0
170,-0.5987297962501188,1.425867316777543,1.7965214476939013,0.8863410926944343,-0.8938576708476423,No,-0.25749829501906346,0
171,-0.32433483921523387,-1.6907182898378388,-0.545043333710976,0.5901934479129153,-0.5397143781187824,No,-0.4630802577954514,0
172,0.11469709204058211,1.073046304707877,1.164856193798527,-0.21758670380632497,0.5227155000677972,No,-0.10131396879664309,0
173,-1.7511886157966357,-0.16182723753595335,-0.782356189739528,-0.8029680405729072,1.5851453782543767,No,-0.2942191412294299,0
174,0.11469709204058211,0.07338677051049057,0.7147800875374797,1.6572468294992444,-0.5397143781187824,Sì,-0.4201828946955628,1
175,0.22445507485453609,-0.22063073954756432,0.9906708955312644,-0.28442158083873004,-1.2480009635765021,No,-0.10758449384870632,0
176,0.773244988924306,-0.6322552536288412,0.4135603211826833,-0.19799717088303384,0.5227155000677972,No,-0.22838690281612364,0
177,-1.0377617275059348,-0.39704124558239723,-0.02170808634423438,-1.1763214915815146,0.1685722073389373,No,0.2242945150043975,0
178,-1.6414306329826818,-1.102683269721729,-0.2309642500344355,0.9693085262519024,-0.8938576708476423,No,-0.45640967292164464,0
179,-1.7511886157966357,1.1318498067194882,-0.4519107021989497,0.6247632118951939,0.1685722073389373,No,-0.45555838277622407,0
180,-1.5316726501687277,0.2497972765453235,1.5845375500263605,-0.9827308132807553,0.1685722073389373,No,0.5288197216544323,0
181,-0.37921383062221087,0.13219027252210155,1.2377256586217442,-1.4528796034397424,-0.1855710853899226,No,1.8747354173511308,0
182,1.212276920180122,0.13219027252210155,1.7088442841365543,0.5798225187182318,-0.5397143781187824,No,-0.21926017929553374,0
183,-1.0377617275059348,1.190653308731099,-1.2394464690851632,0.49224578329645946,1.5851453782543767,No,-0.5338479248292842,0
184,0.3342130576684901,0.7202252926382113,0.8877963569573107,-0.8041203660389831,-1.602144256305362,Sì,0.1390610417856041,1
185,-0.32433483921523387,0.36740428056854546,1.6153219763420514,1.4993782406468392,1.5851453782543767,No,-0.3403073955779774,0
186,-1.3121566845408197,-1.102683269721729,-1.0399322124568895,-1.218957533826325,0.1685722073389373,No,-0.16772108170596622,0
187,-0.9828827360989578,-1.6319147878262277,-1.442467812255731,-0.263679722449363,-1.2480009635765021,No,-0.5220572367754331,0
188,-0.9828827360989578,-1.7495217918494497,0.9236465749452037,1.4751794058592442,-0.8938576708476423,No,-0.39233815374008024,0
189,-0.37921383062221087,0.13219027252210155,0.33913215122955787,-0.306315764694173,0.876858792796657,No,-0.21216553337809457,0
190,0.49885003188942106,0.5438147866033783,1.276693286869454,0.43808648639089,1.5851453782543767,No,-0.2429477414001717,0
191,1.486671877215007,-1.220290273744951,-1.1852814658208468,-0.3812169199891097,0.1685722073389373,No,-0.4667036892038689,0
192,-1.0926407189129117,0.7202252926382113,1.1134189245115498,-0.8006633896407552,-0.8938576708476423,Sì,0.19466357341634485,1
193,0.992760954552214,0.7790287946498223,-0.9682317764811036,1.6123061363222824,0.5227155000677972,Sì,-0.5439110221574512,1
194,-0.04993988218034888,-0.10302373552434237,-1.1015010650882708,-0.34088552867645155,-0.5397143781187824,Sì,-0.4563686669191298,1
195,0.3342130576684901,-1.043879767710118,-1.0995526836758853,1.3069398878121554,1.2310020855255168,No,-0.5466251624442809,0
196,0.88300297173826,-1.102683269721729,1.181222597662565,-0.9516180256967046,-0.1855710853899226,No,0.36306116488854134,0
197,1.047639945959191,0.014583268498879587,0.6574976740133464,-1.008081973534426,-0.8938576708476423,Sì,0.2633285227032827,1
198,1.5415508686219839,0.8966357986730442,0.15910170872513876,-1.6268807488172108,-1.2480009635765021,No,2.8490095505458126,0
199,-0.04993988218034888,-1.6907182898378388,-0.41722951305848804,0.48187485410177594,-1.2480009635765021,No,-0.44091836342782603,0
200,-1.5865516415757046,1.190653308731099,1.4010000209796478,-0.4803169100716415,-0.8938576708476423,Sì,0.05004598740130953,1
201,-0.15969786499430286,1.1318498067194882,-0.2991575994679275,1.205535246797472,-1.2480009635765021,No,-0.4756263112226855,0
202,0.22445507485453609,0.2497972765453235,1.1882367707471524,-0.12424834105417304,-0.5397143781187824,No,-0.12713602722963668,0
203,-0.5438508048431419,-0.4558447475940082,-0.13549356082754657,1.5581468394167124,-1.2480009635765021,No,-0.47899955788790144,0
204,0.3342130576684901,-0.808665759663674,-0.3537122790147211,-1.102572661752654,1.5851453782543767,No,0.009719298239914225,0
205,0.663487006110352,-0.2794342415591753,-0.05288218894240205,1.2193631523903836,1.2310020855255168,No,-0.4553994521695298,0
206,-0.9828827360989578,-1.3378972777681728,-0.6186921510991474,0.9070829510838013,-1.2480009635765021,No,-0.4892372539881165,0
207,0.5537290232963981,-0.10302373552434237,0.9462477993288754,0.88749341816051,1.2310020855255168,No,-0.338831567784051,0
208,-0.21457685640127985,-0.2794342415591753,0.08740127274935303,1.1387003697650673,0.1685722073389373,No,-0.4384483901656657,0
209,0.1695760834475591,-1.220290273744951,-0.8610707987999018,0.8540759796443076,-1.602144256305362,Sì,-0.5099214508434402,1
210,-1.0926407189129117,-0.2794342415591753,1.4793249537575441,0.39545044414607977,-0.5397143781187824,No,-0.21177070848429605,0
211,-0.04993988218034888,0.19099377453371252,-0.32916267321866416,-1.2869447363248059,-1.602144256305362,No,0.25506108907179387,0
212,-1.4219146673547738,1.190653308731099,0.2308021447009248,-1.6222714469529071,0.1685722073389373,Sì,2.8627546335533114,1
213,1.43179288580803,0.6026182886149893,1.5034848832711243,1.3979735996321558,-0.5397143781187824,Sì,-0.34017852700833967,1
214,0.992760954552214,-1.396700779779784,0.5137071257792976,0.36318533109595347,-0.8938576708476423,No,-0.3201888127742966,0
215,-0.5987297962501188,-1.5731112858146168,-1.2655547800111286,0.9750701535822823,-0.8938576708476423,No,-0.5524069903260934,0
216,-0.2694558478082569,1.602277822812376,1.6203877680142535,-0.09659252986835044,1.2310020855255168,No,-0.07006087568001029,0
217,-1.6963096243896587,1.308260312754321,0.5257870905360872,-1.3341900804339197,0.1685722073389373,No,0.8253240510010913,0
218,0.49885003188942106,1.1318498067194882,-0.5010099137910639,-1.307686594714173,1.2310020855255168,Sì,0.20192829620214842,1
219,0.663487006110352,0.8378322966614332,-1.187229847233232,0.5971074007093709,-0.1855710853899226,No,-0.5323182001163016,0
220,1.596429860028961,-1.16148677173334,1.1091324854043016,-0.27059367524581873,-1.2480009635765021,Sì,-0.09237745857184837,1
221,1.3220349029940759,-0.10302373552434237,0.4992891033276448,-1.0507180157792362,0.876858792796657,No,0.25992610770522934,0
222,1.102518937366168,1.484670818789154,0.19534160299550882,-0.06202276588607189,-0.1855710853899226,No,-0.2919689663114418,0
223,-1.4767936587617507,0.30860077855693446,1.4594514633512126,-1.5151051786078436,-1.2480009635765021,No,2.645662571945677,0
224,-0.2694558478082569,-0.3382377435707863,1.090038347562924,0.2456481335562067,-0.5397143781187824,No,-0.2301512083831063,0
225,-0.2694558478082569,-0.5734517516172302,-1.1435861035957973,-0.8179482716318945,1.2310020855255168,No,-0.3840632723048681,0
226,0.608608014703375,1.543474320800765,-0.5824522568287773,0.9785271299805103,-0.5397143781187824,No,-0.4894283062774132,0
227,0.608608014703375,0.30860077855693446,-0.8041780615582456,-0.6773645647706287,-0.5397143781187824,No,-0.33670512816212866,0
228,-0.7084877790640728,-1.220290273744951,0.933778158289608,-0.18532159075619847,-1.2480009635765021,No,-0.1486718538289533,0
229,-0.15969786499430286,0.36740428056854546,-1.5578119918689515,-1.6937156258496158,0.1685722073389373,No,0.7137592800162456,0
230,1.596429860028961,-1.279093775756562,0.32315542364799676,-1.486297041955945,-1.2480009635765021,No,1.3808554791242627,0
231,-1.2023987017268658,-0.39704124558239723,0.9984644211808065,-0.39850180198024904,0.5227155000677972,No,-0.06364016854781043,0
232,1.376913894401053,0.2497972765453235,1.3994413158497392,-0.10120183173265414,-0.8938576708476423,No,-0.10198187601879535,0
233,1.212276920180122,1.073046304707877,-0.4756809554300526,0.30672138325823173,-0.8938576708476423,Sì,-0.4325592050696511,1
234,-0.2694558478082569,0.2497972765453235,1.2046031746111907,-0.741894790870882,-0.1855710853899226,No,0.17088382323610263,0
235,-0.43409282202918786,1.0142428026962662,-1.2873766518298462,0.6293725137594975,-0.8938576708476423,No,-0.5441523824734656,0
236,0.3342130576684901,0.30860077855693446,1.2930596907334921,1.190555015738485,-1.2480009635765021,Sì,-0.33831537150677915,1
237,1.596429860028961,-0.7498622576520632,-1.2285355331758046,0.918606205744561,1.5851453782543767,Sì,-0.5473727224480016,1
238,0.004939109226628117,1.073046304707877,-0.28201184303893534,-1.598072612165312,1.2310020855255168,Sì,1.7427039699353075,1
239,-1.7511886157966357,0.4850112845917674,1.120822773878615,-0.10004950626657821,-1.2480009635765021,No,-0.14447763075104614,0
240,1.3220349029940759,0.07338677051049057,-1.149820924115431,-1.3756737972126538,-1.2480009635765021,No,-0.06219444318774849,0
241,-0.32433483921523387,-0.39704124558239723,-0.8715920584267834,-0.9101343089179704,0.876858792796657,No,-0.2797068250761232,0
242,1.596429860028961,-0.4558447475940082,0.8574016069240972,1.6215247400508896,1.2310020855255168,No,-0.40733796200482697,0
243,1.3220349029940759,0.07338677051049057,0.8496080812745551,-1.2489179959442993,0.5227155000677972,No,0.749629836769586,0
244,1.047639945959191,0.36740428056854546,0.5729379207158163,-0.03667160563240093,-0.8938576708476423,No,-0.24175794940365591,0
245,-1.0926407189129117,-1.102683269721729,0.7584238311749142,0.3689469584263329,1.2310020855255168,No,-0.29203275582208593,0
246,0.44397104048244407,1.073046304707877,0.2280744107235851,0.6547236740131683,-0.8938576708476423,No,-0.38655372940867083,0
247,-1.6414306329826818,1.425867316777543,-0.7924877730839328,0.16959465279519406,-0.1855710853899226,No,-0.460325964229768,0
248,0.3342130576684901,-1.043879767710118,-0.4632113143907855,-1.6994772531799955,1.2310020855255168,No,3.8727317027493346,0
249,-1.4767936587617507,-0.4558447475940082,-1.0387631836094582,-0.623205267865059,-0.8938576708476423,Sì,-0.4015220381092035,1
250,-1.3670356759477966,-0.3382377435707863,1.5104990563557124,0.02670629500177614,0.5227155000677972,No,-0.12326412000932942,0
251,-0.32433483921523387,0.2497972765453235,0.3706959301102026,-1.4344423959825272,-1.602144256305362,No,1.1226824363792594,0
252,-1.3121566845408197,0.6026182886149893,-0.2695422019996682,-0.5413901597736668,-0.5397143781187824,No,-0.2588049051176856,0
253,1.596429860028961,-0.04422023351273139,-0.05522024663726472,-1.619966796020755,-0.5397143781187824,Sì,2.3868236956273563,1
254,0.22445507485453609,-0.808665759663674,1.6468857552226963,-1.4655551835665779,0.5227155000677972,Sì,2.294209878849328,1
255,0.004939109226628117,1.073046304707877,-1.1377409593586407,-0.3835215709212616,0.876858792796657,No,-0.45780358135558613,0
256,0.992760954552214,-0.6322552536288412,0.38043783717213,-1.2811831089944261,-1.602144256305362,Sì,0.601286627010209,1
257,0.49885003188942106,1.0142428026962662,0.09870188494118881,0.19609813851494054,-0.1855710853899226,No,-0.34784936261088634,0
258,0.608608014703375,-0.3382377435707863,0.4688943532944312,0.6109353063022823,0.5227155000677972,No,-0.35654317588545625,0
259,-0.4889718134361648,-0.5146482496056192,-1.611976995133268,0.9888980591751938,-0.5397143781187824,No,-0.5846406292405473,0
260,-0.9828827360989578,-1.043879767710118,1.383074911985701,-1.053022666711388,-0.5397143781187824,No,0.5690784935344422,0
261,1.43179288580803,1.6610813248239868,1.593500104523334,-1.1636459114546793,-0.5397143781187824,No,0.8658540926301694,0
262,1.157397928773145,-0.6910587556404522,0.30639934350148157,-1.3779784481448059,0.1685722073389373,No,0.8434451390475537,0
263,-0.04993988218034888,1.073046304707877,0.7677760619543649,0.43002020812835834,0.5227155000677972,Sì,-0.300150384512043,1
264,-0.04993988218034888,0.30860077855693446,1.5595982679478262,0.6685515796060798,-1.2480009635765021,Sì,-0.249465118131006,1
265,-0.4889718134361648,-1.102683269721729,0.8047953087896892,-1.6257284233511349,-0.1855710853899226,No,3.826522194807342,0
266,0.44397104048244407,0.6026182886149893,-1.1404686933359804,1.4498282456055733,-0.5397143781187824,No,-0.5533681045871932,0
267,1.047639945959191,-0.6910587556404522,0.34575664803166833,-1.5565888953865779,-0.8938576708476423,No,2.0087013305406876,0
268,0.88300297173826,-1.102683269721729,0.45213827314791577,0.1073690776270925,0.5227155000677972,No,-0.2872181751298788,0
269,1.596429860028961,-1.279093775756562,-0.18809985896195475,0.6777701833346876,0.1685722073389373,No,-0.4319000485690802,0
270,0.88300297173826,-1.396700779779784,0.9072801710811657,1.2274294306529152,0.5227155000677972,No,-0.37451585597856707,0
271,1.376913894401053,-0.16182723753595335,1.601293630172876,0.6950550653258267,-0.1855710853899226,No,-0.24919479827077765,0
272,1.047639945959191,-0.985076265698507,1.570509203857185,0.9923550355734214,0.1685722073389373,No,-0.2923130052639031,0
273,-1.1475197103198889,0.014583268498879587,-0.09418787488497445,-0.579416900154173,-0.1855710853899226,No,-0.21024732421411868,0
274,1.596429860028961,1.2494568107427102,-1.2784140973328728,1.0372957287503835,0.5227155000677972,No,-0.5551962403830096,0
275,0.3342130576684901,-0.6910587556404522,1.778596338699955,-1.4609458817022742,-1.2480009635765021,No,2.3555399336270497,0
276,-1.6963096243896587,1.602277822812376,1.2665617035250492,1.3092445387443075,-0.1855710853899226,Sì,-0.35152889782581387,1
277,-1.6414306329826818,0.9554393006846552,-1.238277440237732,0.12811093601645954,0.1685722073389373,No,-0.5161403852834742,0
278,0.88300297173826,-0.867469261675285,1.5541427999931468,1.045362007012915,0.1685722073389373,No,-0.3000317742966289,0
279,0.22445507485453609,1.308260312754321,1.3752813863361597,-0.195692519950882,-0.1855710853899226,No,-0.07478821446940145,0
280,0.88300297173826,-1.514307783803006,0.14429400999100925,0.4553713683820291,1.5851453782543767,No,-0.3748078955263531,0
281,1.267155911587099,0.2497972765453235,0.3979732698835995,0.056666757119751,0.5227155000677972,No,-0.2854070254462206,0
282,-0.8731247532850038,-1.102683269721729,-0.2761666988017789,0.7538236640956999,1.5851453782543767,No,-0.44656108854497295,0
283,1.43179288580803,-0.3382377435707863,-1.4833838219158262,-1.4551842543718942,0.876858792796657,Sì,-0.182751784421263,1
284,0.88300297173826,1.2494568107427102,-0.49984088494363255,-1.5277807587346792,0.5227155000677972,No,0.8969121160166021,0
285,-1.6963096243896587,1.6610813248239868,1.1403065880024699,-0.8928494269268312,-0.1855710853899226,Sì,0.2866338812297761,1
286,-1.6963096243896587,-0.5734517516172302,-1.6591278253129969,-1.1901493971744261,-1.602144256305362,No,-0.4534134512655282,0
287,-0.2694558478082569,0.30860077855693446,-0.5060757054632663,1.230886407051143,-0.1855710853899226,No,-0.4943998542088071,0
288,1.157397928773145,1.308260312754321,-0.27889443277911835,-0.9873401151450589,1.5851453782543767,No,-0.05771962983092925,0
289,-0.5438508048431419,-0.4558447475940082,0.2093699491646843,1.5846503251364592,-1.2480009635765021,No,-0.45403332222026976,0
290,0.22445507485453609,-0.867469261675285,1.5506357134508533,-0.5874831784167047,-0.1855710853899226,No,0.14209805083800783,0
291,-0.04993988218034888,1.543474320800765,-0.46087325669592283,-1.1140959164134134,-0.1855710853899226,No,-0.019948961624256144,0
292,0.004939109226628117,0.4850112845917674,-0.45853519900106043,0.9520236442607634,-1.2480009635765021,No,-0.47655347709268314,0
293,-1.7511886157966357,0.8378322966614332,0.9111769339059363,0.506073688889371,-0.1855710853899226,No,-0.2949880432767884,0
294,-0.7633667704710498,1.308260312754321,-0.0895117594952491,-0.03897625656455299,-0.5397143781187824,Sì,-0.3379475329174774,1
295,1.596429860028961,0.6614217906266003,-0.8879584622908214,0.15461442173620643,-1.602144256305362,No,-0.47159610527663176,0
296,-1.6963096243896587,1.602277822812376,-0.08873240693029506,0.7123399473169658,-0.8938576708476423,No,-0.42443515004551824,0
297,1.102518937366168,0.4850112845917674,-1.1813847029960758,-0.9562273275610084,-1.602144256305362,No,-0.3554922685715386,0
298,0.608608014703375,-0.985076265698507,-1.0570779688858816,1.6537898531010164,-0.1855710853899226,No,-0.5514985963475324,0
299,-0.37921383062221087,0.014583268498879587,0.0722038977327462,1.5811933487382317,-0.5397143781187824,No,-0.4642575410956694,0
300,-0.04993988218034888,1.602277822812376,-0.20641464423837827,0.47726555223747225,0.5227155000677972,No,-0.41677456019773984,0
301,-1.4767936587617507,-1.514307783803006,1.5331002807393839,-1.0541749921774641,-0.1855710853899226,Sì,0.6230400640741568,1
302,-0.04993988218034888,0.2497972765453235,-0.4043701957367439,0.5798225187182318,1.5851453782543767,No,-0.44719290122934807,0
303,1.212276920180122,-0.4558447475940082,0.3605643467657981,-1.4874493674220208,-0.5397143781187824,No,1.420045891242521,0
304,-1.5865516415757046,-0.10302373552434237,0.5417638181176485,-1.6291853997493626,-1.2480009635765021,Sì,3.5050930077377362,1
305,1.212276920180122,0.7202252926382113,-1.6295124278447375,-0.8571273374784768,-0.5397143781187824,Sì,-0.5069955921986283,1
306,-1.2023987017268658,-1.16148677173334,0.6516525297761897,-0.15997043050252752,-1.2480009635765021,Sì,-0.2003350870216278,1
307,1.267155911587099,-0.7498622576520632,-1.0512328246487253,1.2182108269243075,0.876858792796657,No,-0.5401687048496026,0
308,1.43179288580803,0.9554393006846552,1.6952056142498562,0.7388434330367126,-0.8938576708476423,No,-0.2462311829269766,0
309,-0.8731247532850038,-1.102683269721729,-1.154107363222679,0.7918504044762064,1.2310020855255168,No,-0.5361284540211804,0
310,0.2793340662615131,-1.279093775756562,-0.22122234297250806,-0.28672623177088186,-0.5397143781187824,No,-0.31282934252252126,0
311,-0.4889718134361648,-1.220290273744951,-1.3762228442346243,-0.5563703908326539,0.1685722073389373,No,-0.4836048681828698,0
312,-1.5316726501687277,1.602277822812376,1.8206813772074815,-0.4710983063430339,1.5851453782543767,No,0.12664289172050364,0
313,1.047639945959191,0.7790287946498223,0.08584256761944467,1.6249817164491176,-0.1855710853899226,Sì,-0.46531444777582365,1
314,0.05981810063360511,-0.808665759663674,0.412391292335252,-1.596920286699236,1.5851453782543767,No,2.6456668784429556,0
315,-1.4767936587617507,0.4262077825801564,-1.4401297545608682,1.2147538505260795,-1.602144256305362,No,-0.5731540757085458,0
316,-0.5987297962501188,-1.396700779779784,0.9548206775433714,0.23412487889544706,1.2310020855255168,No,-0.24497129651059685,0
317,-1.2023987017268658,0.8966357986730442,-0.9393957315777983,-0.24178553859392002,-1.602144256305362,No,-0.4404834623442519,0
318,0.828123980331283,-1.043879767710118,1.4738694858028647,0.7330818057063329,0.876858792796657,No,-0.267786994898645,0
319,-0.9280037446919808,0.5438147866033783,-0.9561518117243135,-0.07815532241113524,1.2310020855255168,Sì,-0.46074428044361015,1
320,0.004939109226628117,0.6614217906266003,-1.0068097284463362,1.2366480343815227,1.2310020855255168,Sì,-0.5369416101848177,1
321,-1.3121566845408197,-1.279093775756562,-1.5472907322420701,1.3288340716675986,-1.602144256305362,Sì,-0.5838818010113461,1
322,1.486671877215007,1.1318498067194882,-0.019759704931848726,-0.2994018118977175,-1.2480009635765021,No,-0.27562155488102985,0
323,1.43179288580803,-0.22063073954756432,0.30561999093652753,-0.7914447859121477,-1.602144256305362,Sì,-0.019631454505673766,1
324,-1.4767936587617507,1.602277822812376,-1.4451955462330703,0.28021789753848486,1.5851453782543767,No,-0.5497817597944505,0
325,-0.9280037446919808,-1.6907182898378388,1.0444462225131037,1.3680131375141809,-1.2480009635765021,No,-0.37462097264210414,0
326,-0.21457685640127985,-1.514307783803006,-0.08561499667047835,-1.0173005772630337,1.5851453782543767,No,0.028221661560134993,0
327,-1.6414306329826818,-0.10302373552434237,0.1637778241148641,0.38507951495139625,0.876858792796657,No,-0.3643918022694607,0
328,-0.7084877790640728,0.36740428056854546,-0.12964841659039017,0.413887651603295,-0.1855710853899226,Sì,-0.4018464308247814,1
329,1.486671877215007,0.4262077825801564,-0.2699318782821452,0.7595852914260797,0.5227155000677972,No,-0.44634216327496734,0
330,1.43179288580803,-0.6910587556404522,0.28730520566010376,-1.2857924108587298,-1.2480009635765021,No,0.5653212800291165,0
331,0.1695760834475591,-1.3378972777681728,-1.1311164625565302,0.7008166926562065,0.876858792796657,Sì,-0.5304731646029721,1
332,-0.7633667704710498,1.0142428026962662,-1.0375941547620269,1.3576422083194974,0.1685722073389373,Sì,-0.5428770733937635,1
333,-0.37921383062221087,0.8378322966614332,1.3468350177153314,-1.1221621946759452,0.876858792796657,No,0.6788782558629972,0
334,-1.6414306329826818,-1.7495217918494497,1.6425993161154484,-0.9251145399769578,-1.602144256305362,No,0.469065721764097,0
335,-0.7633667704710498,-0.5146482496056192,-0.3661819200539882,1.569670094077472,-1.602144256305362,No,-0.49705716056916,0
336,-0.7084877790640728,1.2494568107427102,-0.7258531287803491,-1.1175528928116414,0.5227155000677972,No,-0.1175033894595484,0
337,-0.04993988218034888,-0.808665759663674,0.5830695040602204,1.1709654828151936,0.876858792796657,No,-0.39770403944818805,0
338,-1.4219146673547738,-1.396700779779784,-0.24187518594379426,-0.05971811495392004,-0.8938576708476423,No,-0.3569980878046133,0
339,1.047639945959191,-0.3382377435707863,-1.5866480367722569,-0.8928494269268312,-0.1855710853899226,No,-0.49003846922045474,0
340,0.44397104048244407,0.8378322966614332,-1.1279990522967134,1.2274294306529152,-1.602144256305362,No,-0.5469351614948004,0
341,0.004939109226628117,-1.5731112858146168,0.8355797351053796,-0.2187390292724009,0.5227155000677972,No,-0.15448944775054801,0
342,0.3890920490754671,0.30860077855693446,0.6352861259121516,0.01748769127316854,-0.1855710853899226,No,-0.24446134697544078,0
343,0.3342130576684901,-1.4555042817913948,-1.5804132162526234,-0.5114296976556921,0.876858792796657,No,-0.52943351037337,0
344,-0.8182457618780268,0.014583268498879587,-0.8969210167877947,0.28252254847063674,0.876858792796657,No,-0.4822485505498657,0
345,0.3890920490754671,-0.6910587556404522,-0.8649675616246727,-1.1774738170475907,1.2310020855255168,No,-0.12578601792327587,0
346,-1.7511886157966357,0.7790287946498223,0.680878250961972,-0.4031111038445529,0.5227155000677972,No,-0.12029456973383448,0
347,-1.2023987017268658,1.367063814765932,-1.6065215271785886,1.5627561412810165,-1.602144256305362,No,-0.5913587991423583,0
348,-0.2694558478082569,0.4850112845917674,-1.310367552495995,-0.8559750120124009,-0.8938576708476423,No,-0.4198326492968787,0
349,1.3220349029940759,-0.22063073954756432,1.1297853283755879,0.4991597360929154,0.876858792796657,No,-0.2695776000971749,0
350,-0.43409282202918786,-1.220290273744951,-1.0492844432363397,-0.6278145697293629,-0.8938576708476423,Sì,-0.40294435911525356,1
351,0.937881963145237,-0.2794342415591753,0.6138539303759113,0.8967120218891178,0.876858792796657,No,-0.371442200745739,0
352,-0.5438508048431419,-0.6910587556404522,-0.8400282795461385,-1.2880970617908816,-1.602144256305362,Sì,-0.0028839838050813676,1
353,-0.10481887358732588,0.4850112845917674,-1.326733956360033,1.5639084667470922,-0.1855710853899226,No,-0.5700460788656535,0
354,-0.15969786499430286,-1.6319147878262277,-0.8224928468346692,-0.18993089262050217,-0.5397143781187824,No,-0.42783107158620604,0
355,0.49885003188942106,0.8378322966614332,0.8574016069240972,-0.9308761673073376,-0.1855710853899226,No,0.2428802404771883,0
356,0.11469709204058211,-1.043879767710118,1.3254028221790912,-1.4828400655577172,0.876858792796657,No,2.1911418813404495,0
357,-1.4219146673547738,1.1318498067194882,1.2361669534918356,-1.1555796331921475,1.5851453782543767,No,0.7030109662308317,0
358,1.486671877215007,-0.16182723753595335,-0.28240151932141233,0.033620247798231896,-0.5397143781187824,No,-0.37645940815114065,0
359,-0.9280037446919808,1.602277822812376,0.6676292573577506,-0.5874831784167047,-0.5397143781187824,No,-0.04555722155339995,0
360,-0.37921383062221087,-0.6322552536288412,-0.9565414880067906,1.0845410728594973,-0.8938576708476423,No,-0.5277424205700455,0
361,0.828123980331283,-0.16182723753595335,-0.6475281960024524,-0.2682890243136667,0.5227155000677972,Sì,-0.38822691803555953,1
362,1.3220349029940759,-1.3378972777681728,1.4680243415657086,-0.8870877995964515,-0.8938576708476423,No,0.3735544542410877,0
363,1.047639945959191,0.6026182886149893,-1.6299021041272146,0.36548998202810534,-0.8938576708476423,No,-0.5747123573610864,0
364,1.486671877215007,0.4850112845917674,-1.3754434916696703,0.6697039050721559,1.5851453782543767,No,-0.5546514364578062,0
365,0.88300297173826,-1.7495217918494497,-0.9464099046623861,-1.1647982369207552,-0.1855710853899226,Sì,-0.16920318930004608,1
366,-1.6963096243896587,-1.6319147878262277,-1.5823615976650087,-1.1636459114546793,-0.1855710853899226,Sì,-0.4294152101947836,1
367,-1.7511886157966357,-1.043879767710118,-1.0391528598919353,-1.6084435413599956,0.1685722073389373,No,0.8144436600236746,0
368,0.828123980331283,-0.16182723753595335,0.3691372249802942,0.7699562206207632,0.876858792796657,No,-0.3832593547058376,0
369,1.596429860028961,1.543474320800765,-0.19745208974140516,0.5233585708805101,1.5851453782543767,No,-0.4199586330492843,0
370,-1.1475197103198889,1.073046304707877,1.4551650242439644,-0.11963903918986935,0.1685722073389373,No,-0.08766951595608241,0
371,-1.5316726501687277,-0.3382377435707863,1.1913541810069692,1.136395718832915,-1.602144256305362,Sì,-0.341869997185319,1
372,0.22445507485453609,1.484670818789154,-0.476849984277484,1.0061829411663328,0.876858792796657,No,-0.48112821526123145,0
373,-0.04993988218034888,0.13219027252210155,-0.765600109593013,0.25717138821696595,0.876858792796657,No,-0.46406856405031766,0
374,1.43179288580803,0.4262077825801564,-0.3439703719527937,1.2182108269243075,1.2310020855255168,Sì,-0.48006916849269604,1
375,1.212276920180122,1.308260312754321,0.3948558596237828,-1.0334331337880969,1.2310020855255168,No,0.20442481286182823,0
376,-1.3121566845408197,-1.4555042817913948,-0.7352053595597993,-1.352627287891135,-1.2480009635765021,Sì,0.15019459085738537,1
377,0.44397104048244407,1.602277822812376,0.5133174494968203,-0.8156436206997425,-1.2480009635765021,Sì,0.04989849178348114,1
378,0.11469709204058211,0.7790287946498223,-0.23953712824893159,-1.5393040133954388,-0.8938576708476423,Sì,1.2317095304593295,1
379,-0.7633667704710498,0.8378322966614332,0.2604175421691841,0.07279931364481435,-1.602144256305362,Sì,-0.3072328128026972,1
380,0.828123980331283,0.07338677051049057,-0.14601482045442832,1.4509805710716492,-0.5397143781187824,Sì,-0.47495860760655123,1
381,-0.9280037446919808,0.8378322966614332,-0.6428520806127274,-1.599224937631388,-0.5397143781187824,No,1.2746896823323859,0
382,-1.6414306329826818,0.9554393006846552,1.6507825180474671,-1.3180575239088566,1.2310020855255168,No,1.3845409346155813,0
383,-0.7084877790640728,-0.5734517516172302,1.0023611840055773,-0.195692519950882,1.2310020855255168,No,-0.1345711465951057,0
384,-0.4889718134361648,-0.867469261675285,-1.1841124369734155,1.4417619673430417,1.2310020855255168,No,-0.5566381552217614,0
385,1.157397928773145,1.367063814765932,1.370215594663957,-0.6577750318473375,1.5851453782543767,No,0.14906069886296355,0
386,1.267155911587099,-0.5734517516172302,0.03401562204999052,-0.009015794446578133,0.5227155000677972,No,-0.32506974860194376,0
387,0.004939109226628117,-1.16148677173334,1.4617895210460752,-1.5911586593688563,-1.2480009635765021,No,3.8969349220197818,0
388,-0.4889718134361648,0.36740428056854546,1.1297853283755879,-1.2281761375549323,1.5851453782543767,Sì,0.8262599910611644,1
389,1.047639945959191,0.30860077855693446,-0.18420309613718372,1.6215247400508896,-0.1855710853899226,No,-0.4853859865890185,0
390,-1.2023987017268658,0.2497972765453235,-1.5967796201166613,1.5477759102220288,-0.5397143781187824,Sì,-0.5904557857890047,1
391,0.88300297173826,-0.6910587556404522,-0.7332569781474139,-1.7156098097050587,0.876858792796657,No,3.919992748682588,0
392,-1.3670356759477966,-0.6322552536288412,0.2241776478988141,1.5028352170450667,-1.2480009635765021,No,-0.4486035488661864,0
393,0.1695760834475591,1.543474320800765,0.5460502572248966,0.4392388118569661,0.1685722073389373,No,-0.3269222654196596,0
394,0.2793340662615131,-0.7498622576520632,-0.7710555775476923,1.2170585014582318,-0.1855710853899226,No,-0.5163185461060018,0
395,0.3890920490754671,0.9554393006846552,-1.1868401709507552,-0.18762624168835032,-1.2480009635765021,No,-0.4862311524725882,0
396,-0.7084877790640728,0.6026182886149893,1.2525333573558737,0.019792342205320595,1.5851453782543767,No,-0.1577748199410268,0
397,1.596429860028961,1.073046304707877,1.7770376335700464,-0.07124136961467949,-1.602144256305362,Sì,-0.05496842593073147,1
398,0.11469709204058211,-0.985076265698507,0.16806426322211215,0.533729500075194,0.876858792796657,No,-0.38067277938447386,0
399,0.828123980331283,-0.926272763686896,-1.0734443727499199,-1.258136599672907,-1.2480009635765021,No,-0.15006456599893286,0
400,1.596429860028961,0.014583268498879587,-0.7203976608256697,-1.6314900506815144,0.5227155000677972,No,1.535729555615648,0
401,-0.43409282202918786,-1.7495217918494497,-1.6108079662858368,-0.6865831684992363,1.2310020855255168,No,-0.5210991814488831,0
402,0.11469709204058211,1.308260312754321,1.5311518993269986,0.6627899522757,1.2310020855255168,No,-0.25154452837696295,0
403,-0.43409282202918786,1.367063814765932,-1.2624373697513118,-1.0472610393810082,0.876858792796657,No,-0.3502009329667092,0
404,-0.21457685640127985,1.367063814765932,0.34653600059662265,0.5567760093967129,1.5851453782543767,No,-0.3636456254264783,0
405,-0.8182457618780268,-1.6319147878262277,-0.7145525165885134,1.5639084667470922,1.2310020855255168,No,-0.523387087788547,0
406,0.718365997517329,-0.867469261675285,0.26821106781872617,-1.4137005375931602,-1.2480009635765021,No,0.9568706915948142,0
407,-0.8182457618780268,-0.4558447475940082,0.609177814986186,0.553319032998485,0.1685722073389373,No,-0.3346091326839135,0
408,-1.6963096243896587,1.543474320800765,1.2346082483619276,-0.22450065660278073,-0.5397143781187824,No,-0.08760835466017024,0
409,1.157397928773145,-1.16148677173334,-0.9514756963345884,1.2182108269243075,-0.5397143781187824,Sì,-0.5316918556444411,1
410,0.11469709204058211,-1.102683269721729,-1.6369162772118024,-1.1302284729384766,-0.1855710853899226,No,-0.46050505728585567,0
411,-0.9280037446919808,-1.220290273744951,-1.1954130491652513,0.6213062354969658,-0.8938576708476423,Sì,-0.534128905493009,1
412,1.5415508686219839,0.07338677051049057,1.4808836588874528,1.115653860443548,-1.602144256305362,No,-0.3143688189020637,0
413,0.44397104048244407,-0.867469261675285,1.3893097325053352,1.4786363822574722,0.876858792796657,Sì,-0.35616810379310315,1
414,0.1695760834475591,-1.3378972777681728,0.419795141702317,0.5901934479129153,-0.1855710853899226,No,-0.359465483041815,0
415,0.004939109226628117,0.4262077825801564,0.4307060776116755,-0.042433232962780766,-0.8938576708476423,No,-0.26129258517256404,0
416,-1.5865516415757046,-1.102683269721729,0.6567183214483918,0.36779463296025716,1.5851453782543767,Sì,-0.3039019732792647,1
417,0.004939109226628117,-0.39704124558239723,-1.0605850554281755,1.2205154778564593,0.5227155000677972,No,-0.5410287477867436,0
418,-1.0377617275059348,-0.16182723753595335,1.5315415756094752,0.20646906770962406,0.5227155000677972,No,-0.16585457784507784,0
419,-0.6536087876570958,1.308260312754321,-0.20680432052085557,-1.6291853997493626,-1.602144256305362,No,2.318776173456103,0
420,0.828123980331283,-1.3378972777681728,-0.3318904071960038,1.4313910381483583,1.2310020855255168,Sì,-0.48878794404850784,1
421,-0.7084877790640728,1.602277822812376,0.14429400999100925,0.6109353063022823,-1.2480009635765021,No,-0.3911011799075547,0
422,1.267155911587099,-0.16182723753595335,-1.510661161689223,0.5671469385913964,-0.1855710853899226,No,-0.5661966242060826,0
423,-1.3670356759477966,0.30860077855693446,-1.0921488343088206,-1.0000156952718944,-0.1855710853899226,Sì,-0.3116286199630775,1
424,-1.4219146673547738,-0.2794342415591753,0.912735639035845,0.5072260143554471,0.876858792796657,Sì,-0.29498077694242547,1
425,-1.6414306329826818,-1.3378972777681728,-1.3851853987315979,-0.39389250011594534,0.876858792796657,No,-0.501849478923536,0
426,-0.8731247532850038,1.602277822812376,0.4396686321086489,0.48072252863570025,0.5227155000677972,No,-0.3443659134499245,0
427,0.004939109226628117,1.1318498067194882,-0.8150889974676043,-1.37106449534835,0.5227155000677972,No,0.13563587180708037,0
428,0.828123980331283,-0.16182723753595335,-0.3100685353772863,0.5037690379572192,0.1685722073389373,No,-0.43074610875277314,0
429,-1.1475197103198889,-0.16182723753595335,-0.6631152473015365,1.6641607822956999,0.1685722073389373,No,-0.5225677074267638,0
430,1.43179288580803,0.36740428056854546,-0.4281404489678468,-1.5692644755134133,1.2310020855255168,No,1.2653744790209418,0
431,0.992760954552214,0.6026182886149893,0.8461009947322611,1.589259627000763,0.1685722073389373,Sì,-0.4061022105006118,1
432,-0.5987297962501188,0.30860077855693446,-0.6334998498332769,-0.35010413240505917,-1.2480009635765021,No,-0.37221281206405843,0
433,1.212276920180122,-0.22063073954756432,0.31107545889120664,1.2274294306529152,-1.2480009635765021,No,-0.4250235215806803,0
434,-0.5987297962501188,1.367063814765932,-0.006121035045150265,0.9266724840070922,-0.1855710853899226,No,-0.4325874495890274,0
435,0.718365997517329,-0.808665759663674,0.652042206058667,0.1949458130488648,-0.5397143781187824,No,-0.2764345289194558,0
436,-0.15969786499430286,-1.279093775756562,1.609866508387372,0.7768701734172192,-1.2480009635765021,No,-0.2603592475908548,0
437,0.2793340662615131,0.13219027252210155,0.8936415011944674,1.2539329163726622,-0.8938576708476423,Sì,-0.3778533582795855,1
438,0.2793340662615131,1.308260312754321,-0.9218602988663289,-0.3593227361336668,0.5227155000677972,No,-0.42208836454299,0
439,0.663487006110352,-0.6322552536288412,-1.5659951938009706,-0.6209006169329072,0.876858792796657,Sì,-0.5172129313407005,1
440,0.992760954552214,-1.043879767710118,-0.7558582025310855,0.5360341510073459,0.1685722073389373,No,-0.48244664011255706,0
441,1.157397928773145,-0.16182723753595335,0.411611939770298,1.0130968939627885,-0.1855710853899226,Sì,-0.40046594339961517,1
442,-1.3670356759477966,1.0142428026962662,-1.4950741103901388,0.8586852815086112,-1.602144256305362,Sì,-0.5713096867485356,1
443,-0.32433483921523387,-0.10302373552434237,0.06518972464815846,0.979679455446586,0.876858792796657,No,-0.42971323465387196,0
444,-0.32433483921523387,-1.043879767710118,0.4178467602899314,-0.2521564677886035,-0.8938576708476423,No,-0.21366461224734937,0
445,0.05981810063360511,0.8966357986730442,-0.5033479714859266,1.047666657945067,0.1685722073389373,No,-0.48563746495905663,0
446,-0.6536087876570958,0.2497972765453235,1.0280798186490656,-1.3238191512392363,-0.8938576708476423,No,1.0682339613684881,0
447,-0.15969786499430286,-1.4555042817913948,-1.301794674281499,0.11774000682177602,0.5227155000677972,Sì,-0.5240515218248518,1
448,0.004939109226628117,-0.7498622576520632,-1.4120730622225173,-1.713305158772907,0.5227155000677972,Sì,1.5363934604387228,1
449,-0.2694558478082569,1.190653308731099,0.8784441261778606,-0.6289668951954388,1.2310020855255168,No,0.0215867387578745,0
450,0.773244988924306,-1.514307783803006,0.06207231438834175,-0.487230862868097,-0.1855710853899226,No,-0.20902459696367595,0
451,0.004939109226628117,0.9554393006846552,0.7389400170510593,-0.38582622185341364,0.876858792796657,No,-0.11595361135797311,0
452,-1.5316726501687277,-0.3382377435707863,-0.15069093584415338,0.6316771646916494,1.5851453782543767,No,-0.42425161363368624,0
453,1.486671877215007,-1.6907182898378388,-0.8111922346428333,-0.41232970757316034,1.5851453782543767,No,-0.39370301672825914,0
454,1.5415508686219839,-1.220290273744951,1.197199325244126,-0.20721577461164145,0.876858792796657,No,-0.09953025321017772,0
455,0.828123980331283,1.484670818789154,1.12822662324568,-0.9251145399769578,-1.602144256305362,No,0.3171035966674908,0
456,-0.7633667704710498,-0.04422023351273139,0.7607618888697768,-0.46418435354657817,-0.1855710853899226,No,-0.08159474161885828,0
457,-1.5865516415757046,1.1318498067194882,-0.7211770133906238,-0.960836629425312,-0.8938576708476423,No,-0.2121737375674743,0
458,0.11469709204058211,1.6610813248239868,0.39446618334130545,-1.483992391023793,-1.602144256305362,No,1.4252438550025452,0
459,0.88300297173826,0.8378322966614332,-0.409435987408946,0.3182446379189914,-0.5397143781187824,No,-0.42558650373567736,0
460,-0.8731247532850038,-1.514307783803006,-1.3544009724159067,0.5383388019394977,0.876858792796657,No,-0.5482982394335776,0
461,0.608608014703375,1.425867316777543,1.54167315895388,0.37240393482456086,-0.8938576708476423,No,-0.19998365322246026,0
462,-0.2694558478082569,1.484670818789154,-1.1958027254477284,-0.15766577957037567,1.5851453782543767,No,-0.4902050640605782,0
463,-0.15969786499430286,0.13219027252210155,1.6570173385671005,-0.44229016969113516,-1.2480009635765021,No,0.07951783952295878,0
464,-0.21457685640127985,1.367063814765932,-0.11133363131396663,1.202078270399244,1.2310020855255168,No,-0.4594058667771789,0
465,0.718365997517329,-1.7495217918494497,-1.026293542570191,0.03131559686608004,1.5851453782543767,No,-0.4805372910629259,0
466,1.102518937366168,-0.7498622576520632,0.2249570004637684,-0.103506482664806,-0.1855710853899226,No,-0.2792588072385118,0
467,-1.4767936587617507,0.07338677051049057,1.386192322245518,-1.645317956274426,0.5227155000677972,No,5.451067061773661,0
468,0.11469709204058211,0.9554393006846552,0.8924724723470361,-0.5725029473577173,-1.2480009635765021,No,-0.005504423163703068,0
469,1.486671877215007,1.073046304707877,1.153165905324214,-0.4399855187589831,1.2310020855255168,No,-0.017069960838800108,0
470,0.44397104048244407,-1.16148677173334,0.6348964496296748,-0.37660761812480603,1.2310020855255168,No,-0.13809466877973395,0
471,0.22445507485453609,-0.5734517516172302,0.7521890106552808,0.23988650622582688,-0.5397143781187824,No,-0.27156865611984976,0
472,-0.4889718134361648,-0.2794342415591753,1.3028015977954195,0.08086559190734562,-0.5397143781187824,No,-0.16619866905128028,0
473,-0.21457685640127985,-0.3382377435707863,-0.7998916224509975,0.3332248689779786,0.1685722073389373,Sì,-0.4740074437107241,1
474,0.88300297173826,-0.5146482496056192,0.04102979513457826,0.8667515597711429,1.5851453782543767,No,-0.42368205889437244,0
475,0.718365997517329,1.6610813248239868,-0.8996487507651344,1.030381775953928,1.5851453782543767,Sì,-0.5206932882629797,1
476,1.102518937366168,-0.22063073954756432,1.7883382457618824,0.7077306454526621,1.5851453782543767,No,-0.231966472421477,0
477,-0.10481887358732588,1.073046304707877,1.6355851430308603,1.5155107971719026,0.1685722073389373,No,-0.34013608537760265,0
478,0.11469709204058211,-1.043879767710118,-1.5371591488976653,-1.6706691165280967,-1.602144256305362,Sì,0.500110140458257,1
479,1.486671877215007,0.13219027252210155,0.7989501645525325,-1.0668505723042996,1.2310020855255168,Sì,0.3855521803021917,1
480,0.004939109226628117,0.19099377453371252,1.5693401750097538,-1.7075435314425271,-1.2480009635765021,No,10.573486951368759,0
481,1.047639945959191,0.6026182886149893,-1.042270270151752,0.46804694850886486,-0.1855710853899226,No,-0.5105369844102711,0
482,1.5415508686219839,0.2497972765453235,0.316530926845886,1.3196154679389909,1.2310020855255168,No,-0.430541843670529,0
483,-0.6536087876570958,-1.7495217918494497,1.5350486621517692,-0.9055250070536667,-0.5397143781187824,Sì,0.4137481564759363,1
484,-0.04993988218034888,-0.5734517516172302,-1.5562532867390433,1.4187154580215229,-0.8938576708476423,No,-0.5857846069590047,0
485,-0.5438508048431419,1.0142428026962662,0.7705037959317043,-1.5277807587346792,0.5227155000677972,No,2.133098959414452,0
486,0.004939109226628117,1.425867316777543,-0.6327204972683229,1.4440666182751936,0.1685722073389373,No,-0.5131049831032375,0
487,-1.6414306329826818,-1.4555042817913948,1.5666124410324143,-0.5379331833754389,0.876858792796657,No,0.11496137157269835,0
488,-0.8182457618780268,-0.16182723753595335,1.7302764796727952,-1.3883493773394893,-0.8938576708476423,No,1.7865474605990157,0
489,-0.43409282202918786,-0.808665759663674,1.6359748193133377,-0.08161229880936302,-0.1855710853899226,Sì,-0.07260516572158336,1
490,0.49885003188942106,-1.514307783803006,-0.012355855564783965,-0.8605843138767045,1.5851453782543767,No,-0.06194535634574282,0
491,-0.10481887358732588,0.014583268498879587,1.3476143702802854,-0.7649413001924008,-0.5397143781187824,No,0.22445016245766927,0
492,1.157397928773145,-1.514307783803006,1.2864351939313814,-0.6877354939653122,-0.5397143781187824,No,0.15070312089912383,0
493,1.376913894401053,0.4262077825801564,-0.5563439459028118,0.9969643374377255,-0.5397143781187824,Sì,-0.48793916156571937,1
494,-1.6414306329826818,-1.6319147878262277,1.2314908381021104,0.10045512483063695,1.5851453782543767,No,-0.18060687882428758,0
495,0.3890920490754671,1.308260312754321,-1.5457320271121617,-0.6750599138384769,0.876858792796657,Sì,-0.5072705952020838,1
496,0.718365997517329,-0.4558447475940082,0.4155087025950687,0.3412911472405103,0.1685722073389373,No,-0.328821559309684,0
497,-0.4889718134361648,0.36740428056854546,-0.8688643244494437,0.7019690181222823,-0.8938576708476423,No,-0.5036170077282568,0
498,0.937881963145237,1.308260312754321,-1.2526954626893845,-0.8064250169711351,1.5851453782543767,No,-0.41524673084803926,0
499,-0.04993988218034888,0.36740428056854546,-1.4054485654204067,-0.32705762308354025,-0.1855710853899226,Sì,-0.5110743030238054,1
500,0.773244988924306,-1.220290273744951,0.7666070331069336,-1.3180575239088566,0.1685722073389373,Sì,0.9060739197504784,1
